r_m,B_tesla_phi_5.4978
0.0,1.1324951334231155
0.00015,1.1325697503951286
0.0003,1.1326442425669911
0.00045,1.1327186095159347
0.0006,1.1327928508188072
0.0007499999999999999,1.1328669660520712
0.0009,1.1329409547918088
0.00105,1.1330148166137204
0.0012,1.1330885510930226
0.0013499999999999999,1.1331621577947635
0.0014999999999999998,1.1332356362658635
0.0016499999999999998,1.1333089860509742
0.0018,1.133382206694353
0.00195,1.1334552977398633
0.0021,1.1335282587309727
0.00225,1.1336010892107582
0.0024,1.1336737887219035
0.0025499999999999997,1.1337463568066992
0.0026999999999999997,1.1338187930070454
0.0028499999999999997,1.1338910968644507
0.0029999999999999996,1.1339632679200342
0.0031499999999999996,1.134035305714524
0.0032999999999999995,1.1341072097882594
0.0034499999999999995,1.1341789796811914
0.0036,1.134250614932882
0.00375,1.1343221150815688
0.0039,1.1343934796482835
0.00405,1.1344647081391106
0.0042,1.134535800059253
0.00435,1.1346067549135095
0.0045,1.1346775722062807
0.00465,1.1347482514415628
0.0048,1.1348187921229518
0.0049499999999999995,1.134889193753646
0.0050999999999999995,1.1349594558364424
0.0052499999999999995,1.1350295778737396
0.005399999999999999,1.1350995593675384
0.005549999999999999,1.1351693998194432
0.005699999999999999,1.1352390987306573
0.005849999999999999,1.1353086556019931
0.005999999999999999,1.1353780699338631
0.006149999999999999,1.1354473412262878
0.006299999999999999,1.1355164689753496
0.006449999999999999,1.1355854526533957
0.006599999999999999,1.1356542917229118
0.006749999999999999,1.1357229856459472
0.006899999999999999,1.1357915338841398
0.007049999999999999,1.1358599358987171
0.0072,1.1359281911504995
0.00735,1.135996299099896
0.0075,1.1360642592069083
0.00765,1.1361320709311316
0.0078,1.1361997337317542
0.007949999999999999,1.1362672470675574
0.0081,1.1363346103969172
0.008249999999999999,1.1364018231778064
0.0084,1.136468884867791
0.008549999999999999,1.1365357949240358
0.0087,1.1366025528032901
0.008849999999999998,1.1366691579526111
0.009,1.1367356097923258
0.009149999999999998,1.1368019077377138
0.0093,1.1368680512036347
0.009449999999999998,1.1369340396045275
0.0096,1.1369998723544135
0.00975,1.1370655488668941
0.009899999999999999,1.1371310685551541
0.01005,1.137196430831962
0.010199999999999999,1.137261635109668
0.01035,1.137326680800209
0.010499999999999999,1.1373915673151045
0.01065,1.1374562940654624
0.010799999999999999,1.1375208604619762
0.01095,1.1375852659149261
0.011099999999999999,1.1376495098341801
0.01125,1.1377135916287329
0.011399999999999999,1.1377775106888144
0.01155,1.1378412663801918
0.011699999999999999,1.137904858066575
0.01185,1.137968285111243
0.011999999999999999,1.138031546877045
0.01215,1.1380946427264023
0.012299999999999998,1.138157572021307
0.01245,1.138220334123324
0.012599999999999998,1.1382829283935922
0.01275,1.138345354192824
0.012899999999999998,1.1384076108813073
0.013049999999999999,1.138469697818905
0.013199999999999998,1.1385316143650557
0.013349999999999999,1.1385933598787774
0.013499999999999998,1.1386549337186627
0.013649999999999999,1.138716335242886
0.013799999999999998,1.138777563806658
0.013949999999999999,1.1388386187363357
0.014099999999999998,1.1388994993400057
0.014249999999999999,1.138960204925039
0.0144,1.1390207347983632
0.014549999999999999,1.139081088266469
0.0147,1.1391412646354047
0.014849999999999999,1.13920126321078
0.015,1.1392610832977685
0.015149999999999999,1.1393207242011048
0.0153,1.1393801852250882
0.015449999999999998,1.1394394656735818
0.0156,1.1394985648500147
0.01575,1.1395574820573815
0.015899999999999997,1.1396162165982444
0.01605,1.1396747677747325
0.0162,1.1397331348885449
0.01635,1.1397913172330327
0.016499999999999997,1.1398493140651642
0.016649999999999998,1.13990712463125
0.0168,1.1399647481771498
0.01695,1.140022183948268
0.017099999999999997,1.1400794311895581
0.017249999999999998,1.140136489145523
0.0174,1.140193357060214
0.01755,1.1402500341772348
0.017699999999999997,1.140306519739739
0.017849999999999998,1.1403628129904348
0.018,1.1404189131715818
0.01815,1.1404748195249943
0.018299999999999997,1.140530531292042
0.018449999999999998,1.1405860477136511
0.0186,1.1406413680303031
0.01875,1.1406964914819049
0.018899999999999997,1.140751417289646
0.019049999999999997,1.1408061446375886
0.0192,1.1408606727049426
0.01935,1.1409150006704545
0.0195,1.1409691277124039
0.019649999999999997,1.1410230530086072
0.019799999999999998,1.141076775736416
0.01995,1.1411302950727216
0.0201,1.1411836101939523
0.020249999999999997,1.141236720276076
0.020399999999999998,1.1412896244946027
0.02055,1.1413423220245822
0.0207,1.1413948120406063
0.020849999999999997,1.141447093716813
0.020999999999999998,1.1414991662268814
0.02115,1.1415510287440371
0.0213,1.1416026804395356
0.021449999999999997,1.1416541204521338
0.021599999999999998,1.1417053478895876
0.02175,1.1417563618579578
0.0219,1.1418071614628245
0.022049999999999997,1.1418577458092911
0.022199999999999998,1.1419081140019829
0.02235,1.1419582651450493
0.0225,1.1420081983421626
0.022649999999999997,1.1420579126965236
0.022799999999999997,1.1421074073108595
0.022949999999999998,1.142156681287423
0.0231,1.1422057337279983
0.023249999999999996,1.1422545637338979
0.023399999999999997,1.142303170405966
0.023549999999999998,1.1423515528445778
0.0237,1.1423997101496428
0.023849999999999996,1.1424476414145184
0.023999999999999997,1.1424953456869598
0.024149999999999998,1.1425428219939455
0.0243,1.142590069361862
0.02445,1.1426370868166023
0.024599999999999997,1.142683873383567
0.024749999999999998,1.142730428087666
0.0249,1.1427767499533197
0.02505,1.1428228380044592
0.025199999999999997,1.142868691264528
0.025349999999999998,1.1429143087564824
0.0255,1.1429596895027938
0.02565,1.1430048325254498
0.025799999999999997,1.143049736845954
0.025949999999999997,1.1430944014853268
0.026099999999999998,1.1431388254641095
0.02625,1.1431830078023566
0.026399999999999996,1.1432269475032426
0.026549999999999997,1.1432706435176767
0.026699999999999998,1.1433140947858664
0.02685,1.1433573002475117
0.026999999999999996,1.143400258841803
0.027149999999999997,1.1434429695074242
0.027299999999999998,1.143485431182555
0.02745,1.1435276428048702
0.027599999999999996,1.1435696033115414
0.027749999999999997,1.1436113116392386
0.027899999999999998,1.143652766724131
0.02805,1.1436939675018887
0.028199999999999996,1.143734912907683
0.028349999999999997,1.1437756018761902
0.028499999999999998,1.1438160333415874
0.02865,1.14385620623756
0.0288,1.143896119496634
0.028949999999999997,1.1439357720176124
0.029099999999999997,1.1439751626507828
0.029249999999999998,1.144014290242162
0.0294,1.1440531536372425
0.029549999999999996,1.1440917516809945
0.029699999999999997,1.144130083217866
0.029849999999999998,1.1441681470917833
0.03,1.144205942146157
0.030149999999999996,1.1442434672238777
0.030299999999999997,1.1442807211673192
0.030449999999999998,1.144317702818342
0.0306,1.1443544110182904
0.030749999999999996,1.1443908446079987
0.030899999999999997,1.1444270024277887
0.031049999999999998,1.1444628833174726
0.0312,1.1444984861163536
0.031349999999999996,1.1445338096591438
0.0315,1.1445688527276803
0.03165,1.144603614067024
0.031799999999999995,1.1446380924209687
0.03195,1.1446722865327674
0.0321,1.1447061951451347
0.032249999999999994,1.1447398170002496
0.0324,1.1447731508397543
0.032549999999999996,1.1448061954047564
0.0327,1.1448389494358324
0.03285,1.1448714116730252
0.032999999999999995,1.1449035808558488
0.03315,1.1449354557232891
0.033299999999999996,1.1449670350138048
0.033449999999999994,1.1449983174653273
0.0336,1.1450293018152664
0.033749999999999995,1.1450599868005056
0.0339,1.1450903711441844
0.03405,1.145120453501725
0.034199999999999994,1.145150232506715
0.03435,1.1451797067921767
0.034499999999999996,1.1452088749905776
0.03465,1.1452377357338286
0.0348,1.145266287653289
0.034949999999999995,1.145294529379768
0.0351,1.1453224595435232
0.03525,1.145350076774266
0.035399999999999994,1.145377379701158
0.03555,1.1454043669528198
0.035699999999999996,1.145431037157326
0.03585,1.1454573889422097
0.036,1.1454834209344638
0.036149999999999995,1.145509131760541
0.0363,1.1455345200462084
0.036449999999999996,1.1455595843853918
0.036599999999999994,1.145584323301825
0.03675,1.1456087353092783
0.036899999999999995,1.1456328189209473
0.03705,1.145656572649458
0.0372,1.1456799950068643
0.037349999999999994,1.1457030845046527
0.0375,1.145725839653742
0.037649999999999996,1.1457482589644856
0.03779999999999999,1.145770340946675
0.03795,1.1457920841095377
0.038099999999999995,1.145813486961742
0.03825,1.1458345480113987
0.0384,1.1458552657660597
0.038549999999999994,1.1458756387327225
0.0387,1.1458956654178305
0.038849999999999996,1.1459153443250494
0.039,1.1459346739015046
0.03915,1.145953652534992
0.039299999999999995,1.1459722786099336
0.03945,1.14599055051016
0.039599999999999996,1.1460084666189152
0.039749999999999994,1.146026025318858
0.0399,1.1460432249920622
0.040049999999999995,1.146060064020018
0.0402,1.1460765407836375
0.04035,1.1460926536632523
0.040499999999999994,1.1461084010386167
0.04065,1.1461237812889116
0.040799999999999996,1.146138792792743
0.04094999999999999,1.1461534339281447
0.0411,1.1461677030725819
0.041249999999999995,1.146181598602951
0.0414,1.1461951188860406
0.04155,1.1462082622082197
0.041699999999999994,1.146221026815476
0.04185,1.1462334109528947
0.041999999999999996,1.1462454128649577
0.04214999999999999,1.146257030795544
0.0423,1.1462682629879288
0.042449999999999995,1.1462791076847902
0.0426,1.1462895631282082
0.042749999999999996,1.1462996275596664
0.042899999999999994,1.1463092992200552
0.04305,1.1463185763496726
0.043199999999999995,1.1463274571882276
0.04335,1.1463359399748416
0.0435,1.1463440229480488
0.043649999999999994,1.1463517043458
0.0438,1.146358982405463
0.043949999999999996,1.1463658553374878
0.04409999999999999,1.146372321258929
0.04425,1.1463783782657884
0.044399999999999995,1.1463840244534447
0.04455,1.1463892579166568
0.0447,1.1463940767495655
0.044849999999999994,1.1463984790456945
0.045,1.146402462897953
0.045149999999999996,1.1464060263986409
0.04529999999999999,1.1464091676394448
0.04545,1.1464118847114446
0.045599999999999995,1.1464141757051154
0.04575,1.1464160387103273
0.045899999999999996,1.1464174718163493
0.046049999999999994,1.1464184731118505
0.0462,1.1464190406849035
0.046349999999999995,1.146419172622144
0.04649999999999999,1.1464188669551179
0.04665,1.1464181216278626
0.046799999999999994,1.1464169345760116
0.04695,1.1464153037345592
0.047099999999999996,1.1464132270378682
0.04724999999999999,1.1464107024196677
0.0474,1.146407727813057
0.047549999999999995,1.1464043011505078
0.04769999999999999,1.1464004203638651
0.04785,1.1463960833843534
0.047999999999999994,1.1463912881425722
0.04815,1.146386032568505
0.048299999999999996,1.146380314591518
0.04844999999999999,1.146374132140364
0.0486,1.1463674831431816
0.048749999999999995,1.1463603655275014
0.0489,1.1463527772143722
0.049049999999999996,1.146344716037426
0.049199999999999994,1.1463361797633924
0.04935,1.146327166156673
0.049499999999999995,1.1463176729810196
0.04964999999999999,1.1463076979995395
0.0498,1.146297238974692
0.049949999999999994,1.146286293668296
0.0501,1.1462748598415293
0.050249999999999996,1.1462629352549332
0.05039999999999999,1.1462505176684117
0.05055,1.1462376048412377
0.050699999999999995,1.1462241945320542
0.05084999999999999,1.146210284498875
0.051,1.1461958724990882
0.051149999999999994,1.1461809562894603
0.0513,1.146165533626136
0.051449999999999996,1.1461496022449467
0.05159999999999999,1.1461331597690858
0.05175,1.1461162037815418
0.051899999999999995,1.146098731864596
0.05204999999999999,1.1460807415998688
0.052199999999999996,1.1460622305683212
0.052349999999999994,1.1460431963502586
0.0525,1.1460236365253351
0.052649999999999995,1.146003548672552
0.05279999999999999,1.145982930370265
0.05295,1.1459617791961836
0.053099999999999994,1.1459400927273742
0.05325,1.1459178685402633
0.053399999999999996,1.1458951042106413
0.05354999999999999,1.1458717973136623
0.0537,1.1458479454238482
0.053849999999999995,1.145823546114959
0.05399999999999999,1.145798596912863
0.05415,1.1457730952260514
0.054299999999999994,1.145747038444636
0.05445,1.1457204239580558
0.054599999999999996,1.1456932491550829
0.05474999999999999,1.14566551142382
0.0549,1.1456372081517054
0.055049999999999995,1.1456083367255185
0.05519999999999999,1.1455788945313778
0.055349999999999996,1.1455488789547483
0.055499999999999994,1.1455182873804397
0.05565,1.1454871171926135
0.055799999999999995,1.1454553657747844
0.05594999999999999,1.1454230305098207
0.0561,1.1453901087799496
0.056249999999999994,1.1453565979667608
0.05639999999999999,1.1453224954483967
0.056549999999999996,1.1452877985171708
0.05669999999999999,1.1452525043662376
0.05685,1.1452166101825856
0.056999999999999995,1.1451801131525239
0.05714999999999999,1.1451430104616858
0.0573,1.1451052992950332
0.057449999999999994,1.145066976836857
0.0576,1.145028040270782
0.057749999999999996,1.1449884867797706
0.05789999999999999,1.1449483135461236
0.05805,1.144907517751484
0.058199999999999995,1.1448660965768416
0.05834999999999999,1.144824047202533
0.058499999999999996,1.1447813668082467
0.058649999999999994,1.1447380525730266
0.0588,1.1446941016752732
0.058949999999999995,1.14464951127996
0.05909999999999999,1.1446042784302772
0.05925,1.1445584001019287
0.059399999999999994,1.1445118732692352
0.05954999999999999,1.1444646949058352
0.059699999999999996,1.144416861984691
0.059849999999999993,1.1443683714780883
0.06,1.1443192203576438
0.060149999999999995,1.144269405594304
0.06029999999999999,1.1442189241583511
0.06045,1.1441677730194044
0.060599999999999994,1.1441159491464266
0.06074999999999999,1.1440634495077238
0.060899999999999996,1.14401027107095
0.06104999999999999,1.1439564108031088
0.0612,1.14390186567056
0.061349999999999995,1.1438466326390193
0.06149999999999999,1.1437907086380377
0.061649999999999996,1.1437340904566502
0.061799999999999994,1.1436767748487937
0.06194999999999999,1.1436187585677215
0.062099999999999995,1.1435600383660112
0.06224999999999999,1.1435006109955597
0.0624,1.1434404732075945
0.06255,1.143379621752674
0.06269999999999999,1.1433180533806895
0.06284999999999999,1.14325576484087
0.063,1.143192752881788
0.06315,1.1431290142513566
0.0633,1.1430645456968411
0.06344999999999999,1.142999343964854
0.06359999999999999,1.1429334058013665
0.06375,1.1428667279517037
0.0639,1.1427993071597133
0.06405,1.142731140095239
0.0642,1.1426622232982042
0.06434999999999999,1.1425925532946972
0.06449999999999999,1.1425221266101293
0.06465,1.1424509397692388
0.0648,1.142378989296098
0.06495,1.142306271714109
0.06509999999999999,1.1422327835460167
0.06524999999999999,1.142158521313904
0.0654,1.1420834815392025
0.06555,1.142007660742691
0.0657,1.1419310554445006
0.06584999999999999,1.1418536621641213
0.06599999999999999,1.1417754774203999
0.06615,1.1416964977315482
0.0663,1.1416167196151452
0.06645,1.141536139581446
0.06659999999999999,1.1414547540251367
0.06674999999999999,1.141372559243543
0.06689999999999999,1.1412895515303108
0.06705,1.1412057271784202
0.0672,1.1411210824801923
0.06735,1.1410356137272915
0.06749999999999999,1.140949317210731
0.06764999999999999,1.1408621892208732
0.0678,1.1407742260474378
0.06795,1.1406854239795026
0.0681,1.1405957793055073
0.06824999999999999,1.1405052883132596
0.06839999999999999,1.1404139472899368
0.06855,1.140321752522091
0.0687,1.1402287002956524
0.06885,1.1401347868959322
0.06899999999999999,1.1400400085850473
0.06914999999999999,1.139944361480467
0.0693,1.1398478416424371
0.06945,1.1397504451304181
0.0696,1.1396521680032268
0.06974999999999999,1.1395530063190387
0.06989999999999999,1.1394529561353925
0.07004999999999999,1.1393520135091924
0.0702,1.1392501744967152
0.07035,1.1391474351536133
0.0705,1.139043791534916
0.07064999999999999,1.1389392396950382
0.07079999999999999,1.13883377568778
0.07095,1.138727395566334
0.0711,1.1386200953832868
0.07125,1.138511871190625
0.07139999999999999,1.1384027190396633
0.07154999999999999,1.1382926349285134
0.0717,1.1381816147101713
0.07185,1.1380696542124118
0.072,1.1379567492623865
0.07214999999999999,1.1378428956866284
0.07229999999999999,1.1377280893110564
0.07245,1.1376123259609794
0.0726,1.1374956014610986
0.07275,1.137377911635516
0.07289999999999999,1.1372592523077327
0.07304999999999999,1.137139619300659
0.07319999999999999,1.1370190084366154
0.07335,1.1368974155373366
0.0735,1.1367748364239774
0.07365,1.136651266917115
0.07379999999999999,1.1365267028367565
0.07394999999999999,1.1364011399999046
0.0741,1.1362745741324083
0.07425,1.136147000844125
0.0744,1.1360184157368316
0.07454999999999999,1.1358888144117143
0.07469999999999999,1.1357581924693776
0.07485,1.135626545509844
0.075,1.1354938691325636
0.07515,1.1353601589364115
0.07529999999999999,1.1352254105197
0.07544999999999999,1.135089619480176
0.07559999999999999,1.1349527814150318
0.07575,1.134814891920904
0.0759,1.134675946593881
0.07604999999999999,1.134535941029507
0.07619999999999999,1.1343948708227847
0.07634999999999999,1.1342527315681825
0.0765,1.1341095188485286
0.07665,1.1339652281264396
0.0768,1.1338198547910252
0.07694999999999999,1.1336733942298072
0.07709999999999999,1.133525841829763
0.07725,1.1333771929773278
0.0774,1.1332274430584017
0.07755,1.133076587458354
0.07769999999999999,1.1329246215620252
0.07784999999999999,1.1327715407537353
0.078,1.1326173404172835
0.07815,1.1324620159359595
0.0783,1.132305562692542
0.07844999999999999,1.1321479760693043
0.07859999999999999,1.1319892514480232
0.07874999999999999,1.1318293842099774
0.0789,1.1316683697359566
0.07905,1.1315062033779122
0.07919999999999999,1.131342880362554
0.07934999999999999,1.1311783958817945
0.07949999999999999,1.131012745127048
0.07965,1.1308459232892358
0.0798,1.1306779255587927
0.07995,1.130508747125669
0.08009999999999999,1.1303383831793379
0.08024999999999999,1.1301668289087996
0.0804,1.1299940795025833
0.08055,1.1298201301487563
0.0807,1.1296449760349254
0.08084999999999999,1.129468612348243
0.08099999999999999,1.1292910342754103
0.08114999999999999,1.1291122370026847
0.0813,1.1289322157158805
0.08145,1.128750965599962
0.08159999999999999,1.1285684817883084
0.08174999999999999,1.1283847593141647
0.08189999999999999,1.1281997931988297
0.08205,1.1280135784631702
0.0822,1.1278261101276215
0.08234999999999999,1.1276373832121958
0.08249999999999999,1.127447392736485
0.08264999999999999,1.127256133719666
0.0828,1.127063601180506
0.08295,1.1268697901373663
0.0831,1.1266746956082085
0.08324999999999999,1.1264783126105964
0.08339999999999999,1.126280636161705
0.08355,1.126081661278321
0.0837,1.1258813829768513
0.08385,1.1256797962733254
0.08399999999999999,1.1254768961801918
0.08414999999999999,1.125272677644941
0.08429999999999999,1.1250671355548234
0.08445,1.1248602647944645
0.0846,1.1246520602481265
0.08474999999999999,1.1244425167997172
0.08489999999999999,1.1242316293327934
0.08504999999999999,1.1240193927305646
0.0852,1.1238058018758994
0.08535,1.123590851651328
0.08549999999999999,1.123374536939051
0.08564999999999999,1.1231568526209408
0.08579999999999999,1.1229377935785472
0.08595,1.1227173546931033
0.0861,1.1224955308455296
0.08625,1.1222723169164384
0.08639999999999999,1.1220477077861386
0.08654999999999999,1.1218216983268599
0.0867,1.121594283354747
0.08685,1.1213654576613155
0.087,1.121135216037694
0.08714999999999999,1.1209035532747365
0.08729999999999999,1.1206704641630212
0.08744999999999999,1.1204359434928606
0.0876,1.1201999860543048
0.08775,1.1199625866371428
0.08789999999999999,1.1197237400309135
0.08804999999999999,1.1194834410249055
0.08819999999999999,1.1192416844081636
0.08835,1.1189984649694953
0.0885,1.118753777497472
0.08864999999999999,1.118507616780438
0.08879999999999999,1.1182599776065116
0.08894999999999999,1.118010854763588
0.0891,1.1177602430315128
0.08925,1.1175081371659479
0.0894,1.1172545319177922
0.08954999999999999,1.116999422037753
0.08969999999999999,1.116742802276355
0.08984999999999999,1.1164846673839415
0.09,1.116225012110683
0.09015,1.1159638312065796
0.09029999999999999,1.1157011194214652
0.09044999999999999,1.115436871505015
0.09059999999999999,1.1151710822067458
0.09075,1.1149037462760258
0.0909,1.114634858462078
0.09104999999999999,1.1143644135139803
0.09119999999999999,1.1140924061806776
0.09134999999999999,1.1138188312109822
0.0915,1.1135436833537924
0.09165,1.1132669573678768
0.09179999999999999,1.1129886480259346
0.09194999999999999,1.1127087501016237
0.09209999999999999,1.1124272583685162
0.09225,1.1121441676001025
0.0924,1.1118594725697946
0.09255,1.1115731680509306
0.09269999999999999,1.1112852488167828
0.09284999999999999,1.1109957096405585
0.09299999999999999,1.1107045452954063
0.09315,1.1104117505544204
0.0933,1.1101173201906456
0.09344999999999999,1.1098212489770818
0.09359999999999999,1.1095235316866885
0.09374999999999999,1.1092241630923894
0.0939,1.1089231379670783
0.09405,1.1086204510880728
0.09419999999999999,1.1083160972875212
0.09434999999999999,1.1080100714344945
0.09449999999999999,1.1077023683987695
0.09465,1.107392983050146
0.0948,1.107081910258451
0.09494999999999999,1.106769144893544
0.09509999999999999,1.106454681825322
0.09524999999999999,1.1061385159237203
0.09539999999999998,1.1058206420587233
0.09555,1.105501055100361
0.0957,1.1051797499187215
0.09584999999999999,1.104856721383949
0.09599999999999999,1.1045319643662537
0.09614999999999999,1.104205473735912
0.0963,1.1038772443632707
0.09645,1.1035472711187577
0.09659999999999999,1.1032155488968012
0.09674999999999999,1.1028820727096178
0.09689999999999999,1.1025468376056782
0.09705,1.1022098386335981
0.0972,1.1018710708421333
0.09734999999999999,1.1015305292801818
0.09749999999999999,1.101188208996789
0.09764999999999999,1.1008441050411517
0.0978,1.1004982124626232
0.09795,1.1001505263107165
0.09809999999999999,1.0998010416351083
0.09824999999999999,1.0994497534856429
0.09839999999999999,1.0990966569123393
0.09854999999999998,1.0987417469653924
0.0987,1.0983850186951774
0.09885,1.098026467152256
0.09899999999999999,1.0976660873877986
0.09914999999999999,1.0973038745304833
0.09929999999999999,1.096939823876172
0.09945,1.0965739307427362
0.0996,1.096206190448303
0.09974999999999999,1.0958365983112555
0.09989999999999999,1.095465149650241
0.10004999999999999,1.0950918397841731
0.1002,1.0947166640322352
0.10035,1.094339617713884
0.10049999999999999,1.0939606961488533
0.10064999999999999,1.0935798946571615
0.10079999999999999,1.0931972085591104
0.10095,1.0928126331752903
0.1011,1.0924261638265889
0.10124999999999999,1.0920377958341863
0.10139999999999999,1.0916475245195678
0.10154999999999999,1.0912553452116858
0.10169999999999998,1.0908612534109279
0.10185,1.0904652447927246
0.102,1.0900673150407632
0.10214999999999999,1.0896674598391043
0.10229999999999999,1.0892656748721887
0.10244999999999999,1.08886195582484
0.1026,1.0884562983822663
0.10275,1.0880486982300681
0.10289999999999999,1.0876391510542343
0.10304999999999999,1.0872276525411537
0.10319999999999999,1.0868141983776154
0.10335,1.0863987842508083
0.1035,1.085981405848332
0.10364999999999999,1.0855620588581942
0.10379999999999999,1.0851407389688181
0.10394999999999999,1.084717441869043
0.10409999999999998,1.0842921632833193
0.10425,1.0838648992208673
0.10439999999999999,1.0834356458289793
0.10454999999999999,1.083004399256343
0.10469999999999999,1.0825711556521356
0.10484999999999998,1.0821359111660365
0.105,1.0816986619482223
0.10515,1.0812594041493766
0.10529999999999999,1.0808181339206877
0.10544999999999999,1.0803748474138537
0.10559999999999999,1.0799295407810867
0.10575,1.0794822101751131
0.1059,1.0790328517491805
0.10604999999999999,1.0785814616570566
0.10619999999999999,1.0781280360530345
0.10634999999999999,1.0776725710919368
0.1065,1.0772150629291293
0.10665,1.0767555078282849
0.10679999999999999,1.0762939024216125
0.10694999999999999,1.0758302434203955
0.10709999999999999,1.0753645275365225
0.10724999999999998,1.0748967514824919
0.1074,1.0744269119714147
0.10754999999999999,1.073955005717012
0.10769999999999999,1.0734810294336274
0.10784999999999999,1.0730049798362185
0.10799999999999998,1.0725268536403678
0.10815,1.072046647562279
0.1083,1.0715643583187848
0.10844999999999999,1.071079982627348
0.10859999999999999,1.0705935172060603
0.10874999999999999,1.0701049587736509
0.1089,1.0696143040494839
0.10905,1.0691215497575486
0.10919999999999999,1.0686266928614556
0.10934999999999999,1.0681297306959094
0.10949999999999999,1.0676306606281922
0.10964999999999998,1.0671294800262963
0.1098,1.0666261862589321
0.10994999999999999,1.0661207766955254
0.11009999999999999,1.0656132487062242
0.11024999999999999,1.0651035996618958
0.11039999999999998,1.064591826934131
0.11055,1.0640779278952477
0.11069999999999999,1.0635618999182894
0.11084999999999999,1.063043740377031
0.11099999999999999,1.062523446645978
0.11114999999999998,1.0620010161003692
0.1113,1.0614764461161825
0.11145,1.060949734070129
0.11159999999999999,1.0604208773676576
0.11174999999999999,1.0598898738118148
0.11189999999999999,1.0593567215010675
0.11205,1.0588214185416653
0.1122,1.0582839630406677
0.11234999999999999,1.057744353105948
0.11249999999999999,1.0572025868461898
0.11264999999999999,1.0566586623708916
0.11279999999999998,1.0561125777903688
0.11295,1.0555643312157537
0.11309999999999999,1.0550139207589964
0.11324999999999999,1.0544613445328692
0.11339999999999999,1.0539066006509656
0.11354999999999998,1.053349687227701
0.1137,1.0527906023783198
0.11384999999999999,1.0522293442188881
0.11399999999999999,1.0516659108663042
0.11414999999999999,1.0511003005328228
0.11429999999999998,1.050532511951982
0.11445,1.0499625440363674
0.1146,1.049390395699611
0.11474999999999999,1.0488160658562393
0.11489999999999999,1.0482395534216749
0.11504999999999999,1.0476608573122352
0.1152,1.047079976445133
0.11535,1.0464969097384804
0.11549999999999999,1.0459116561112873
0.11564999999999999,1.0453242144834631
0.11579999999999999,1.0447345837758182
0.11594999999999998,1.0441427629100628
0.1161,1.0435487508088115
0.11624999999999999,1.0429525463955849
0.11639999999999999,1.0423541485948036
0.11654999999999999,1.0417535563325448
0.11669999999999998,1.041150768760158
0.11685,1.0405457855676623
0.11699999999999999,1.0399386065249243
0.11714999999999999,1.0393292314027756
0.11729999999999999,1.038717659973011
0.11744999999999998,1.0381038920083865
0.1176,1.0374879272826256
0.11775,1.0368697655704138
0.11789999999999999,1.0362494066474037
0.11804999999999999,1.0356268502902117
0.11819999999999999,1.035002096276421
0.11834999999999998,1.0343751443845832
0.1185,1.0337459943942149
0.11864999999999999,1.0331146460858023
0.11879999999999999,1.0324810992407987
0.11894999999999999,1.0318453536416299
0.11909999999999998,1.0312074090853205
0.11925,1.030567265761111
0.11939999999999999,1.0299249242992103
0.11954999999999999,1.029280385354265
0.11969999999999999,1.0286336495819421
0.11984999999999998,1.0279847176389225
0.12,1.0273335901829113
0.12014999999999999,1.0266802678726235
0.12029999999999999,1.0260247513677978
0.12044999999999999,1.0253670413291887
0.12059999999999998,1.0247071384185675
0.12075,1.0240450432987258
0.1209,1.0233807566334712
0.12104999999999999,1.022714279087631
0.12119999999999999,1.0220456113270526
0.12134999999999999,1.0213747540185991
0.12149999999999998,1.020701707830157
0.12165,1.0200264734884543
0.12179999999999999,1.0193490522497333
0.12194999999999999,1.0186694456544656
0.12209999999999999,1.0179876552468725
0.12224999999999998,1.017303682572233
0.1224,1.0166175291768835
0.12254999999999999,1.0159291966082191
0.12269999999999999,1.0152386864146883
0.12284999999999999,1.0145460001458002
0.12299999999999998,1.013851139352115
0.12315,1.0131541055852546
0.12329999999999999,1.0124549003978933
0.12344999999999999,1.0117535253437597
0.12359999999999999,1.011049981977642
0.12374999999999999,1.0103442718553803
0.12389999999999998,1.0096363965338724
0.12405,1.0089263575710692
0.12419999999999999,1.008214156674177
0.12434999999999999,1.007499796116695
0.12449999999999999,1.0067832783079365
0.12464999999999998,1.0060646056583038
0.1248,1.0053437805792773
0.12494999999999999,1.0046208054834274
0.1251,1.003895682784401
0.12525,1.0031684148969295
0.12539999999999998,1.0024390042368283
0.12555,1.0017074532209904
0.12569999999999998,1.0009737642673944
0.12585,1.0002379397950956
0.126,0.9994999822242346
0.12614999999999998,0.9987598939760328
0.1263,0.9980176774727902
0.12644999999999998,0.9972733351378917
0.1266,0.996526869399333
0.12675,0.9957782829678417
0.12689999999999999,0.9950275790374399
0.12705,0.9942747608505685
0.12719999999999998,0.9935198316507599
0.12735,0.9927627946826432
0.1275,0.9920036531919416
0.12764999999999999,0.991242410425466
0.1278,0.9904790696311224
0.12794999999999998,0.9897136340579016
0.1281,0.9889461069558863
0.12824999999999998,0.9881764915762461
0.1284,0.9874047911712378
0.12855,0.9866310089942062
0.12869999999999998,0.9858551482995802
0.12885,0.9850772123428799
0.12899999999999998,0.9842972043807076
0.12915,0.9835151276932509
0.1293,0.9827309859314598
0.12944999999999998,0.9819447830499186
0.1296,0.9811565230132312
0.12974999999999998,0.9803662097871199
0.1299,0.9795738473384443
0.13005,0.9787794396352016
0.13019999999999998,0.9779829906465464
0.13035,0.9771845043428092
0.13049999999999998,0.9763839846955151
0.13065,0.975581435677417
0.1308,0.9747768612625188
0.13094999999999998,0.973970265426122
0.1311,0.9731616521448533
0.13124999999999998,0.9723510253967207
0.1314,0.9715383891611511
0.13155,0.9707237474190514
0.13169999999999998,0.9699071042342189
0.13185,0.9690884641738562
0.13199999999999998,0.9682678319972756
0.13215,0.9674452124647064
0.1323,0.9666206103368188
0.13244999999999998,0.9657940303746502
0.1326,0.9649654773395568
0.13274999999999998,0.9641349559932121
0.1329,0.963302471097616
0.13305,0.9624680274151536
0.13319999999999999,0.9616316297086751
0.13335,0.9607932827416047
0.13349999999999998,0.9599529912780943
0.13365,0.9591107600831947
0.13379999999999997,0.9582665939230708
0.13394999999999999,0.9574204975652377
0.1341,0.9565724757790233
0.13424999999999998,0.9557225334359649
0.1344,0.9548706756768921
0.13454999999999998,0.9540169076885786
0.1347,0.9531612346594561
0.13485,0.9523036617793683
0.13499999999999998,0.9514441942393392
0.13515,0.9505828372313786
0.13529999999999998,0.949719595948307
0.13545,0.9488544755836031
0.1356,0.9479874813312913
0.13574999999999998,0.9471186183858391
0.1359,0.9462478919420961
0.13604999999999998,0.9453753071952458
0.1362,0.9445008693408008
0.13635,0.9436245835746042
0.13649999999999998,0.9427464550928825
0.13665,0.9418664890997158
0.13679999999999998,0.940984691059377
0.13695,0.9401010667589187
0.1371,0.9392156220067568
0.13724999999999998,0.9383283626126593
0.1374,0.9374392943877156
0.13754999999999998,0.936548423144306
0.1377,0.9356557546960886
0.13785,0.9347612948579648
0.13799999999999998,0.93386504944607
0.13815,0.9329670242777431
0.13829999999999998,0.9320672251715222
0.13845,0.9311656579471156
0.1386,0.9302623284254011
0.13874999999999998,0.9293572424284067
0.1389,0.9284504057792985
0.13904999999999998,0.927541824302382
0.1392,0.9266315038403259
0.13935,0.925719450415897
0.13949999999999999,0.9248056701589857
0.13965,0.9238901692019371
0.13979999999999998,0.9229729536781694
0.13995,0.922054029722165
0.14009999999999997,0.9211334034694801
0.14024999999999999,0.9202110810567328
0.1404,0.9192870686216142
0.14054999999999998,0.918361372302882
0.1407,0.9174339982403567
0.14084999999999998,0.9165049525749327
0.141,0.9155742414485633
0.14115,0.9146418710042765
0.14129999999999998,0.9137078473861605
0.14145,0.9127721767393735
0.14159999999999998,0.9118348652101407
0.14175,0.9108959189918466
0.1419,0.9099553444754198
0.14204999999999998,0.9090131481051842
0.1422,0.9080693363265304
0.14234999999999998,0.9071239155859111
0.1425,0.9061768923308365
0.14265,0.9052282730098836
0.14279999999999998,0.9042780640726854
0.14295,0.9033262719699413
0.14309999999999998,0.9023729031534062
0.14325,0.9014179640759009
0.1434,0.9004614611913018
0.14354999999999998,0.8995034009545498
0.1437,0.8985437898216463
0.14384999999999998,0.8975826342496483
0.144,0.896619940696681
0.14415,0.8956557156224608
0.14429999999999998,0.8946899655473255
0.14445,0.8937226971054338
0.14459999999999998,0.8927539169445582
0.14475,0.8917836317135311
0.1449,0.8908118480622347
0.14504999999999998,0.8898385726416141
0.1452,0.888863812103663
0.14534999999999998,0.8878875731014378
0.1455,0.8869098622890447
0.14564999999999997,0.8859306863216503
0.14579999999999999,0.8849500518554781
0.14595,0.8839679655478039
0.14609999999999998,0.8829844340569661
0.14625,0.8819994640423549
0.14639999999999997,0.8810130621644222
0.14654999999999999,0.8800252350846778
0.1467,0.8790359894673951
0.14684999999999998,0.8780453320107575
0.147,0.8770532694436193
0.14714999999999998,0.8760598084969632
0.1473,0.8750649559028313
0.14745,0.8740687183943383
0.14759999999999998,0.8730711027056695
0.14775,0.8720721155720795
0.14789999999999998,0.8710717637299071
0.14805,0.8700700539165671
0.1482,0.8690669928705659
0.14834999999999998,0.8680625873314961
0.1485,0.8670568440400509
0.14864999999999998,0.8660497697380259
0.1488,0.8650413711683201
0.14895,0.8640316550749537
0.14909999999999998,0.8630206282030622
0.14925,0.862008297311044
0.14939999999999998,0.8609946692424642
0.14955,0.8599797508775032
0.1497,0.8589635490974572
0.14984999999999998,0.8579460707845845
0.15,0.8569273228221075
